"Title","Description","Image URL"
"Bowling Balls","Mendocino county, California, USA.","http://upload.wikimedia.org/wikipedia/commons/thumb/3/32/Bowling_Balls_Beach_2_edit.jpg/1280px-Bowling_Balls_Beach_2_edit.jpg"
"Bohinj lake","Bohinj lake (Triglav National Park, Slovenia) in the morning.","http://upload.wikimedia.org/wikipedia/commons/thumb/4/46/Bohinjsko_jezero_2.jpg/1280px-Bohinjsko_jezero_2.jpg"
"Haute Severaisse valley","View of Haute Severaisse valley and surrounding summits from the slopes of Les Vernets.","http://upload.wikimedia.org/wikipedia/commons/thumb/f/f4/2909_vallon_moy_res.jpg/1280px-2909_vallon_moy_res.jpg"
"Hazy blue hour","Hazy blue hour in Grand Canyon. View from the South Rim.","http://upload.wikimedia.org/wikipedia/commons/thumb/c/c9/Hazy_blue_hour_in_Grand_Canyon.JPG/1280px-Hazy_blue_hour_in_Grand_Canyon.JPG"
"Oxbow Bend outlook","View over the Snake River to the Mount Moran with the Skillet Glacier.","http://upload.wikimedia.org/wikipedia/commons/thumb/6/6b/Oxbow_Bend_outlook_in_the_Grand_Teton_National_Park.jpg/1280px-Oxbow_Bend_outlook_in_the_Grand_Teton_National_Park.jpg"
"Interior convento","Interior view of Yuriria Convent, founded in 1550.","http://upload.wikimedia.org/wikipedia/commons/thumb/7/75/Interior_convento_3.jpg/1400px-Interior_convento_3.jpg"
"Back-scattering crepuscular rays","Picture of the day on Wikimedia Commons 26 September 2010.","http://upload.wikimedia.org/wikipedia/commons/thumb/1/1f/Back-scattering_crepuscular_rays_panorama_1.jpg/1400px-Back-scattering_crepuscular_rays_panorama_1.jpg"
"Athabasca Rail","The Athabasca River railroad track at the mouth of Brul√© Lake in Alberta, Canada.","http://upload.wikimedia.org/wikipedia/commons/thumb/6/6c/Athabasca_Rail_at_Brule_Lake.jpg/1280px-Athabasca_Rail_at_Brule_Lake.jpg"
"Biandintz eta zaldiak","Horses on Bianditz mountain, in Navarre, Spain.","http://upload.wikimedia.org/wikipedia/commons/thumb/a/a2/Biandintz_eta_zaldiak_-_modified2.jpg/1280px-Biandintz_eta_zaldiak_-_modified2.jpg"
